[
  {
    "_id": {
      "$oid": "626a48a8916f633a190f0251"
    },
    "name": "Shrimp",
    "description": "Prefers to live in pairs",
    "price": 19,
    "currency": "EUR"
  },
  {
    "_id": {
      "$oid": "626a48ef916f633a190f0255"
    },
    "name": "Anemonefish",
    "description": "Nemo",
    "price": 65,
    "currency": "EUR"
  },
  {
    "_id": {
      "$oid": "626a4929916f633a190f0258"
    },
    "name": "Splendid anemone",
    "description": "Is splendid",
    "price": 90,
    "currency": "EUR"
  },
  {
    "_id": {
      "$oid": "626a494c916f633a190f025b"
    },
    "name": "Killer mussel",
    "description": "Is prettier than her name",
    "price": 12,
    "currency": "EUR"
  },
  {
    "_id": {
      "$oid": "626a49ce916f633a190f025f"
    },
    "name": "Angelfish",
    "description": "A diurnal loner",
    "price": 90,
    "currency": "EUR"
  },
  {
    "_id": {
      "$oid": "626a49f6916f633a190f0262"
    },
    "name": "Guppy",
    "description": "Small but nice",
    "price": 5,
    "currency": "EUR"
  },
  {
    "_id": {
      "$oid": "626a4a1e916f633a190f0266"
    },
    "name": "Rainbow fish",
    "description": "In all colors",
    "price": 12,
    "currency": "EUR"
  }
]
